decision_id,record_origin,supersedes_decision_id,report_time,data_cutoff,decision_for_date,horizon_days,scope,original_action,target_funds,position_size,up_probability,flat_probability,down_probability,thesis,trigger_conditions,invalidation_conditions,execution_deadline,expected_nav_date,evaluation_due_date,user_executed,actual_execution_time,actual_nav_date,actual_fee_cny,realized_outcome,actual_return_after_fee,modeled_advice_return_after_fee,hold_return_same_period,benchmark_return_same_period,advice_value_add_vs_hold,max_adverse_excursion,outcome_correct,evaluation_status,error_type,lesson,rule_change,reviewed_at,evidence_sources
DEC-20260721-USER-PLAN-REV1-1250-002,user_declared_plan,DEC-20260721-USER-PLAN-1246-001,2026-07-21T12:50:00+08:00,2026-07-21T12:50:00+08:00,2026-07-21,3,cpo_pcb_electronic_specialty_gas,用户将今日计划从赎回当前剩余40%修正为赎回当前剩余20%;作为隔夜回撤风险折中;尚未确认提交,019024;016371;021528;024481;010004,赎回当前剩余份额20%;若昨日已赎回原仓40%则两日合计减少原仓52%并保留原仓48%,,,,当前半导体和电子修复较强但广度未全确认;用户希望通过小一档赎回减少明日再度暴跌的隔夜暴露,平台确认五只基金的剩余可赎份额;费率;开放状态;预计净值日;实际截止时间,用户取消计划;任一基金不可赎;费率异常;预计净值日不是2026-07-21;可用份额与昨日赎回后数据冲突,2026-07-21T15:00:00+08:00;建议14:30至14:40提交;平台实际截止时间优先,2026-07-21仅限平台实际截止前受理;否则下一开放日,2026-07-24,no,,,,,,,,,,,,planned_not_executed,,在已降原仓40%后再降剩余20%是隔夜风险折中;不应误认为两日累计60%,No permanent rule change; supersedes user 40 percent remaining plan.,,user_message_in_current_thread;data/holdings.csv;data/decision-journal.csv
DEC-20260721-USER-PLAN-1246-001,user_declared_plan,,2026-07-21T12:46:00+08:00,2026-07-21T12:46:00+08:00,2026-07-21,3,cpo_pcb_electronic_specialty_gas,用户考虑今日再赎回CPO PCB和电子特气当前剩余仓位40%;原因是担心暴力反弹后再次暴跌;尚未确认提交,019024;016371;021528;024481;010004,计划赎回当前剩余份额40%;若昨日已赎回原仓40%则两日合计减少原仓64%并剩余原仓36%,,,,用户认为近期存在多次暴力反弹后继续下跌的路径;愿意牺牲部分上涨暴露以减少隔夜回撤,用户主观计划;代理建议等待14:30按修复四项分档,若14:30四项强修复全部成立则取消40%计划;若用户改为风险折中档20%则本计划失效;平台费率份额净值日冲突则取消,2026-07-21T15:00:00+08:00;平台实际截止时间优先,2026-07-21仅限平台实际截止前受理;否则下一开放日,2026-07-24,no,,,,,,,,,,,,planned_not_executed,,必须区分追求最高期望收益与用较低隔夜风险换取心理和回撤容忍度,No permanent rule change; user plan recorded separately from model recommendation.,,user_message_in_current_thread;data/holdings.csv;https://fund.eastmoney.com/pingzhongdata/019024.js;https://fund.eastmoney.com/pingzhongdata/016371.js;https://fund.eastmoney.com/pingzhongdata/021528.js;https://fund.eastmoney.com/pingzhongdata/024481.js
DEC-20260721-MIDDAY-1235-001,native_realtime,DEC-20260720-EVENING-001,2026-07-21T12:40:00+08:00,2026-07-21T11:30:00+08:00,2026-07-21,3,domestic_technology_overlap_after_user_reduction,午间等待且不申购;昨日用户已自主对CPO PCB 电子特气和通信当前仓位各赎回40%但具体基金与份额未入账;今日不按旧晚报重复赎回50%至80%;14:30若修复仍满足2至4项则继续等待;只在四项严重回落全部成立时复核赎回易方达半导体材料设备ETF联接C剩余份额20%,021894,当前赎回0%且申购0元;条件档20%约223.05份仅以账本剩余1115.2586份为模型且需平台复核,0.65,0.20,0.15,科创50涨6.94%和半导体涨6.95%并近午间高位;电子净流入81.34亿元且半导体净流入44.39亿元;上证高于3800但上涨只有2860家未到广度全确认;用户昨日已完成40%结构性降仓所以不应在一日强修复中重复放大赎回,继续等待要求14:30四项修复中至少两项持续:半导体相对沪深300强至少1.5个百分点;电子资金非负;上涨超过3500家;上证高于3800且距日高不超0.8%;条件20%仅在上证<3780且上涨<1800且电子净流出>100亿元且半导体不再强于沪深300时复核,任一昨日赎回对象份额费率或预计净值日与平台冲突;强修复至少两项持续;基金不可赎或费率超过0.5%时取消条件档,2026-07-21T15:00:00+08:00;14:30初检;14:45终检;平台实际截止时间优先,2026-07-21仅限平台实际截止前受理;否则下一开放日,2026-07-24,,,,,,,,,,,,,pending,,上一日已执行的降仓必须先重新定义剩余仓位;不得在旧仓位基础上重复应用新比例,No permanent rule change; temporary same-day override because confirmed user reduction is not yet mapped to exact ledger rows.,,reports/2026-07-20-基金晚复盘.md;reports/2026-07-21-action.md;data/transactions.csv;https://qt.gtimg.cn/;https://push2.eastmoney.com/api/qt/clist/get;https://www.peopleapp.com/column/30052708826-500007607645
DEC-20260719-MONDAY-PREVIEW-REV4-004,native_realtime,DEC-20260719-MONDAY-PREVIEW-REV3-003,2026-07-19T12:46:27+08:00,2026-07-19T12:46:27+08:00,2026-07-20,3,technology_cluster,不全组合清仓且不申购;增加两日时间止损;周一价格修复无资金确认或确认破位时同时降低两只已核验弱势科技基金;周二若仍无资金确认再执行第二档;目标在周二后把明确境内科技主题仓由约34%压到30%以下;弱修复未创新低且流出收窄时等待一天但不得无限等待,019024;010004,周一非真实强修复或确认破位时赎回易方达信息行业精选股票C30%即179.20份并赎回景顺长城电子信息产业股票C20%即346.34份;按7月17日正式净值估算合计约1121元且0.5%费率模型约5.61元;若强修复且资金广度成交额全部确认则只赎回易方达信息行业精选股票C10%即59.73份;若周一未执行或周二14:30仍无资金确认则周二再赎回易方达信息行业精选股票C20%即119.46份和景顺长城电子信息产业股票C15%即259.75份,0.20,0.35,0.45,中芯国际个股在上市约250个交易日后仍较首日收盘低约31%且到2022年相对上市日高点最大回撤约60%;宽基或行业后来修复不能保护高估值龙头及弱势重叠基金;当前明确境内科技主题基金按最新正式净值约占组合34.3%且若三只高同步主动基金被证实科技重仓则上限接近47.8%;因此单次小额减仓不足以控制一年级别趋势风险但全组合清仓仍会错误卖出宽基非科技和不同市场资产,周一非真实强修复指14:45价格反弹但电子或通信仍净流出上涨家数不超过3500成交额进度推算低于3万亿元或未接近日内高位;确认破位指上证<3745且不能收复上涨家数<1000电子净流出>300亿元且科技弱于沪深300超过2个百分点;周二时间止损指周一收盘未形成资金确认且周二14:30科技未收复周五跌幅一半或电子通信仍净流出;所有执行要求平台确认可赎回份额费率截止时间和对应净值日,缩减到最小档的证据为上涨家数>3500电子和通信均净流入成交额推算>=3万亿元且14:45接近日内高位;取消当日申请的条件为平台状态费率截止时间净值日或份额冲突;若周一弱修复守住3745且流出持续收窄可等待但周二不得再次仅以主观不愿卖出延长时间止损,2026-07-20T15:00:00+08:00及2026-07-21T15:00:00+08:00;每日14:30初检14:45终检;平台实际截止时间优先,各笔仅在对应交易日平台实际截止前受理时适用当日正式净值;否则顺延下一开放日,2026-07-24,,,,,,,,,,,,,pending,,宽基继续上涨不等于个股或弱势基金安全;风险控制必须同时设价格阈值时间阈值和组合暴露上限,No permanent parameter change; temporary three-day regime-defense overlay; active-fund exposure and true account drawdown remain unverified.,,data/nav-history.csv;data/holdings.csv;data/funds.csv;data/transactions.csv;data/catalyst-ledger.csv;https://www.sse.com.cn/disclosure/announcement/listing/c/c_20200713_5152912.shtml;https://push2his.eastmoney.com/api/qt/stock/kline/get?secid=1.688981&klt=101&fqt=1&beg=20200716&end=20221231;https://www.caixin.com/2020-07-24/101584368.html;https://www.chinanews.com/cj/2020/07-16/9239784.shtml
DEC-20260719-MONDAY-PREVIEW-REV3-003,native_realtime,DEC-20260719-MONDAY-PREVIEW-REV2-002,2026-07-19T12:39:42+08:00,2026-07-19T12:39:42+08:00,2026-07-20,2,portfolio,不全组合清仓且不申购;周一强修复但资金未确认或确认破位均赎回一只弱势重叠科技基金20%;强修复且资金广度成交额全部确认时只赎回一只10%;弱修复未创新低且流出收窄时等待;周二仅在第二次确认后再赎回另一只15%,019024;007818;010004,周一默认执行对象为易方达信息行业精选股票C:强修复且资金全部确认10%即59.73份;强修复但资金未确认或确认破位20%即119.46份;若7月17日国泰中证全指通信设备ETF联接C的96.05份未提交且其仍最弱则改为该基金20%即96.05份且两者不同时卖;周二二次确认后再赎回景顺长城电子信息产业股票C15%即259.75份或尚未处理的易方达信息15%即89.60份,0.20,0.35,0.45,募资额前25大IPO严格宽基顶部标准仅5次命中且3次属于同一2007顶部;真正发生在顶部前的预警仅3次;但IPO浪潮在学术和A股样本中确有晚周期含义;当前长鑫发行与科技高拥挤两融收缩广度恶化利好失效重叠使该信号应从一般类比上调为条件式风险放大因子;仍不足以单独支持全组合清仓,确认破位为14:30上证<3745且不能收复上涨家数<1000电子主力净流出>300亿元且半导体或通信弱于沪深300超过2个百分点;强修复资金确认要求上涨家数>3500电子和通信均主力净流入成交额进度推算>=3万亿元且14:45接近日内高位;强修复但资金未确认指价格修复但任一资金广度成交额条件缺失;弱修复等待要求不创新低上证守住3745且流出收窄;所有执行均需平台确认份额费率截止时间和净值日,取消或缩减赎回的证据为上涨家数超过3500电子和通信均净流入成交额推算达到3万亿元且14:45接近日内高位;任何平台状态费率截止时间净值日或份额冲突均取消当日申请;周二若未再次确认则不追加,2026-07-20T15:00:00+08:00及2026-07-21T15:00:00+08:00;每日14:30初检14:45终检;平台实际截止时间优先,各笔仅在对应交易日平台实际截止前受理时适用当日正式净值;否则顺延下一开放日,2026-07-23,,,,,,,,,,,,,pending,,巨型IPO信号在浪潮和市场确认层面有效但单一公司类比容易重复计算同一周期;中芯国际只命中科创50阶段顶部而未命中宽基或半导体最终顶部,No permanent parameter change; two-day downside probability raised to 45% and repair scenario execution refined; historical sample remains clustered and below permanent-rule gate.,,data/nav-history.csv;data/holdings.csv;data/transactions.csv;data/catalyst-ledger.csv;https://finance.eastmoney.com/a/202605273750130795.html;https://push2his.eastmoney.com/api/qt/stock/kline/get?secid=1.000001&klt=101&fqt=0&beg=20050101&end=20261231;https://www.sse.com.cn/disclosure/announcement/listing/c/c_20200713_5152912.shtml;https://www.nber.org/papers/w9858;https://www.cs.com.cn/xwzx/201606/t20160613_4988234.html;https://www.csrc.gov.cn/shanghai/c103850/c1068949/content.shtml
DEC-20260719-MONDAY-PREVIEW-REV2-002,native_realtime,DEC-20260719-MONDAY-PREVIEW-001,2026-07-19T12:31:09+08:00,2026-07-19T12:31:09+08:00,2026-07-20,2,portfolio,不全组合清仓且不申购;周一14:30若继续破位先赎回一只未充分降仓的弱势重叠科技基金20%;周二只有第二次确认后再赎回另一只15%;若资金和广度真实修复则等待,019024;007818;010004,周一优先赎回易方达信息行业精选股票C的20%即119.46份;若7月17日国泰中证全指通信设备ETF联接C的96.05份未实际提交且其仍最弱则周一改为赎回该基金20%即96.05份且不同时卖易方达信息;若周一收盘仍弱且周二14:30再次确认则再赎回景顺长城电子信息产业股票C的15%即259.75份或尚未处理的易方达信息15%即89.60份,0.20,0.40,0.40,中石油样本说明超大IPO可与泡沫尾部共现但上证历史高点早于其上市20天;工商银行这一当时全球最大IPO上市后牛市仍延续近一年且农业银行上市也未对应牛市顶部;当前真正危险的是科技拥挤两融收缩广度恶化与利好失效共同出现;长鑫周一是中签者缴款而非周二巨量未中签资金解冻,周一14:30上证<3745且不能收复;上涨家数<1000;电子主力净流出>300亿元;半导体或通信弱于沪深300超过2个百分点;平台确认可赎回份额费率截止时间和7月20日净值日;周二追加一档要求周一收盘仍弱且周二14:30再次满足上述条件,任一交易日上证收复3800且上涨家数>2500;电子流出收窄至150亿元以内或转为净流入;半导体通信相对沪深300劣势收窄至1个百分点以内;平台状态费率截止时间净值日或份额冲突,2026-07-20T15:00:00+08:00及2026-07-21T15:00:00+08:00;每日14:30初检14:45终检;平台实际截止时间优先,各笔仅在对应交易日平台实际截止前受理时适用当日正式净值;否则顺延下一开放日,2026-07-23,,,,,,,,,,,,,pending,,大型IPO只能作为风险放大因子不能单独作为全清触发器;把周一单次判断升级为周一周二两次确认的分段科技去风险,No permanent parameter change; downside probability raised for this two-day preview only and sample remains below review gate.,,data/nav-history.csv;data/holdings.csv;data/transactions.csv;data/catalyst-ledger.csv;https://www.sse.com.cn/ipo/rules/others/c/c_20210514_5463626.shtml;https://www.icbc.com.cn/page/721857943787307049.html;https://www.cs.com.cn/xwzx/zt2017/20171016/2017/10/16/detail_201710165515357.html;https://finance.sina.com.cn/stock/y/20071105/21164140230.shtml;https://paper.cnstock.com/html/2026-07/17/content_2245542.htm
DEC-20260719-MONDAY-PREVIEW-001,native_realtime,,2026-07-19T11:50:00+08:00,2026-07-19T11:45:00+08:00,2026-07-20,2,portfolio,周一开盘不申赎;14:30复核;确认破位时只赎回一只弱势重叠科技基金15%-20%;不新增申购,019024;007818,优先019024的15%即89.60份;若7月17日007818赎回未执行且其仍最弱则改为007818的20%即96.05份;两者最多执行一只,0.25,0.45,0.30,周五全市场广度和资金确认去风险但交割结束及美股半导体从低点回升保留技术反弹可能;周末美伊升级和原油跳涨风险压制高估值科技;长鑫7月20日是中签缴款而非巨量未中签资金解冻,14:30上证<3745且不能收复;上涨家数<1000;电子主力净流出>300亿元;半导体或通信弱于沪深300超过2个百分点;平台确认可赎回份额费率和7月20日净值日,上证收复3800且上涨家数>2500;电子流出收窄至150亿元以内;半导体通信相对沪深300劣势收窄至1个百分点以内;平台状态费率截止时间或净值日冲突,2026-07-20T15:00:00+08:00;14:30初检;14:45终检;平台实际截止时间优先,2026-07-20仅限平台截止前受理;否则下一开放日,2026-07-22,,,,,,,,,,,,,pending,,用周五低点3745和修复位3800替代已经明显失真的3900阈值;连续下跌后以资金和广度确认而不是只看跌幅,No permanent parameter change; scenario preview only and sample below review gate.,,data/nav-history.csv;data/catalyst-ledger.csv;data/decision-journal.csv;https://www.sfccn.com/2026/7-17/xMMDE0MDRfMjE4NDUxMw.html;https://apnews.com/article/5adfef67554652580963684d9a663af2;https://www.ndrc.gov.cn/xwdt/xwfb/202607/t20260717_1406562.html;https://paper.cnstock.com/html/2026-07/17/content_2245542.htm
DEC-20260717-REVISED-1440-002,native_realtime,DEC-20260717-FINAL-1439-001,2026-07-17T14:41:00+08:00,2026-07-17T14:40:00+08:00,2026-07-17,3,communication_overlap,将国泰中证全指通信设备ETF联接C的当日赎回上限由20%临时提高至总计30%;不申购且不赎回其他基金,007818,总计30%当时可用份额即144.07份;若已提交96.05份则只追加48.02份,0.10,0.25,0.65,连续三日科技趋势破坏且当日全市场广度恶化;大会具体措施和量子存储论文公布后仍未得到价格与资金确认;已减过的半导体和电子基金不重复追卖,14:40上证<3800;上涨家数<800;电子主力净流出>450亿元;国泰中证全指通信设备ETF联接C盘中估算跌幅<=-8%;平台仍显示按7月17日净值受理,提交前上证收复3820或上涨家数>1200或电子流出收窄至430亿元以内或通信基金估算收窄至-7.5%以内;平台费率份额截止时间或净值日冲突,2026-07-17T15:00:00+08:00;目标14:45前提交;平台实际截止时间优先,2026-07-17仅限平台截止前受理;否则等待下一开放日,2026-07-22,,,,,,,,,,,,,pending,,三日持续破位且正面催化失败使单日临时提高通信重叠仓的减仓上限具有风险预算依据;但真实账户现金和费用未完整所以不扩展到其他基金,No permanent parameter change; one-day sizing override only and sample remains below review gate.,,reports/2026-07-17-基金午报.md;data/decision-journal.csv;data/catalyst-ledger.csv;https://qt.gtimg.cn/;https://vip.stock.finance.sina.com.cn/quotes_service/api/json_v2.php/Market_Center.getHQNodeData;https://push2.eastmoney.com/api/qt/stock/fflow/kline/get;https://fundgz.1234567.com.cn/
DEC-20260714-NOON-001,native_realtime,,2026-07-14T11:38:00+08:00,2026-07-14T11:30:00+08:00,2026-07-14,1,portfolio,wait now; conditional partial redemption at 14:45,010004;019024,0% now; 15%-20% each only if confirmed break,0.20,0.55,0.25,"Below 3900 and tech deleveraging continue, but breadth and electronic outflow do not confirm a market-wide liquidity break",14:45 SSE<3900 AND advancers<1000 AND electronic main outflow>300bn CNY,SSE recovers 3900; outflow narrows; tech relative weakness stops worsening,2026-07-14T15:00:00+08:00,2026-07-14,2026-07-15,,,,,,,,,,,,,superseded_reviewed,data_quality,该记录被DEC-20260714-FINAL-001取代，不独立计入胜率；保留原始字段用于审计。,,2026-07-16T12:24:00+08:00,"reports/2026-07-14-noon-decision.md;https://qt.gtimg.cn/q=s_sh000001,s_sh000300,s_sh000688,s_sz399006,s_sh000905,s_sh000852;https://data.eastmoney.com/bkzj/;https://finance.sina.com.cn/roll/2026-07-14/doc-inihtmen8599761.shtml"
DEC-20260712-ACTION-001,reconstructed_from_report,,2026-07-12T05:47:35.139Z,2026-07-12,2026-07-12,,,暂不行动,,,,,,没有基金同时通过数据、费用、趋势和风险检查；当前没有通过风险官检查且需要执行的操作,,,,,,,,,,,,,,,,,,,,,,,reports/2026-07-12-action.md
DEC-20260713-ACTION-001,reconstructed_from_report,,2026-07-13T14:20:00+08:00,,2026-07-13,,,暂不行动,,,,,,同步公开净值和申赎状态时没有拿到可用的新数据；行动脚本没有给出可通过风控的赎回草案,,,,,,,,,,,,,,,,,,,,,,,reports/2026-07-13-action-readable.txt
DEC-20260713-EVENING-001,reconstructed_from_report,,,,2026-07-14,1,portfolio,不追反弹；观察最强持仓能否率先转强；14只触发退出审查，金额均为研究草案，不会自动下单,007339;010004;012922;021528;007818;019024;024481;016665;016371;006503;002891;539002;006373;021873,模型市值合计29629.51元,0.20,0.50,0.30,下一交易日先尝试技术修复、随后继续分化，不是确认见底；高位科技去拥挤与盈利验证并行,沪指守3900；上涨家数改善但不足压倒性；电子净流出明显收窄,偏强：连续3个交易日电子/通信主力净流入、上涨家数占优、科技相对沪深300转强；偏弱：沪指跌破关键位后不能收回、成交放大、行业净流出广度维持高位且盈利预期下调,,,,,,,,,,,,,,,,,,,,,reports/2026-07-13-基金晚间决策型复盘-增强版.docx
DEC-20260714-NOON-002,native_realtime,,2026-07-14T13:40:00+08:00,2026-07-14T13:28:00+08:00,2026-07-14,3,portfolio,wait unless 14:45 trigger; conditional structural redemption only,010004;019024,0% now; 010004 15%-20% and 019024 15%-20% only if confirmed break; 010004 10%-15% if strong repair with funds confirmed,0.25,0.55,0.20,SSE recovered 3900 after noon and broad risk is not confirmed broken; tech repair lacks complete money-flow confirmation and account cash/history remain unresolved,14:45 SSE<3900 AND advancers<1000 AND electronic main outflow>300bn CNY for break; strong repair requires advancers>3500 AND electronic/communication inflow AND turnover run-rate>=3tn AND near intraday high,SSE holds 3900; electronic outflow narrows or turns inflow; tech relative weakness stops worsening; platform status or fee preview conflicts,2026-07-14T15:00:00+08:00,2026-07-14,2026-07-15,,,,,,,,,,,,,superseded_reviewed,data_quality,该记录被DEC-20260714-FINAL-001取代，不独立计入胜率；保留原始字段用于审计。,,2026-07-16T12:24:00+08:00,"reports/2026-07-14-基金午报.docx;reports/2026-07-14-noon-decision.md;data/catalyst-ledger.csv;https://qt.gtimg.cn/q=s_sh000001,s_sh000300,s_sh000688,s_sz399006,s_sh000905,s_sh000852;https://fundgz.1234567.com.cn/;https://www.stats.gov.cn/sj/fbrc/bnxxfb/"
DEC-20260714-RECHECK-001,native_realtime,DEC-20260714-NOON-002,2026-07-14T14:18:00+08:00,2026-07-14T14:15:00+08:00,2026-07-14,3,portfolio,conditional structural redemption at 14:45; current state is strong price repair without full funding confirmation,010004,0% before final check; redeem 20% if incomplete-confirmation pattern persists; redeem 10%-15% if full confirmation,0.35,0.50,0.15,SSE was 3942.86 and within 0.13% of the intraday high; 3857 stocks advanced; electronic main flow narrowed to about -3.94bn CNY while communication equipment plus services was about +6.77bn CNY; turnover progress still did not imply 3tn CNY; 010004 estimate was only +0.52%,"At 14:45, if SSE>3900 AND advancers>3500 AND within 0.3% of high, but electronic flow remains negative OR total turnover<2.813tn CNY, redeem 20% of 010004; if electronic and communication are both positive AND turnover>=2.813tn, redeem 10%-15% of 010004","Wait if breadth falls below strong-repair range while SSE holds 3900 and electronic outflow keeps narrowing; cancel if platform redemption status, cutoff, holding-period fee, or share balance conflicts",2026-07-14T15:00:00+08:00,2026-07-14,2026-07-15,,,,,,,,,,,,,superseded_reviewed,information_omission,该记录被DEC-20260714-FINAL-001取代，不独立计入胜率；保留原始字段用于审计。,No permanent parameter change; apply the existing noon rule with a 20% risk cap because account history remains incomplete,2026-07-16T12:24:00+08:00,"config/noon-decision-rules.json;https://qt.gtimg.cn/q=sh000001,sh000300,sh000688,sz399006;https://vip.stock.finance.sina.com.cn/mkt/;https://push2delay.eastmoney.com/;https://fundgz.1234567.com.cn/js/010004.js"
DEC-20260714-FINAL-001,native_realtime,DEC-20260714-RECHECK-001,2026-07-14T14:33:00+08:00,2026-07-14T14:32:00+08:00,2026-07-14,3,portfolio,submit structural redemption now before actual platform cutoff; no subscription and no other redemption,010004,redeem 20% of available shares; modeled 432.92 shares,0.35,0.50,0.15,"User elected to use the 14:32 snapshot as final; SSE was 3952.10 at the intraday high and 4029 stocks advanced, but electronic main flow remained about -4.11bn CNY and turnover of about 2.44tn CNY projected to only about 2.76tn CNY; 010004 estimate was only +0.35% while stronger overlapping technology funds led",Submit only if platform still accepts a 2026-07-14 application and preview confirms redeemable shares and a holding-period redemption fee no higher than 0.5%,"Cancel and wait for the next open day if the platform cutoff has passed, redemption is unavailable, preview fee exceeds 0.5%, or available shares materially differ from the modeled 2164.5993",2026-07-14T15:00:00+08:00,2026-07-14,2026-07-15,true,,,,,,-0.005000,-0.032354,-0.001562,0.027354,,yes_directionally,partially_resolved_pending_actual_fee_and_shares,data_quality,模型20%赎回切片相对持有约增加2.735个百分点、按模型份额约少损失25.47元；真实份额、确认净值和费用未知，不能冒充实际收益。样本不足，不改永久参数。,,2026-07-16T12:24:00+08:00,"config/noon-decision-rules.json;data/holdings.csv;data/fees.csv;https://qt.gtimg.cn/q=sh000001,sh000300,sh000688,sz399006,sz399001,bj899050;https://vip.stock.finance.sina.com.cn/mkt/;https://data.eastmoney.com/bkzj/;https://fund.eastmoney.com/010004.html;https://www.igwfmc.com/main/jjcp/product/010004/detail.html"
DEC-20260714-EVENING-001,native_realtime,,2026-07-14T20:34:00+08:00,2026-07-14T20:34:00+08:00,2026-07-15,10,portfolio,no subscription; wait for 010004 submitted redemption confirmation; next open day only conditional structural review,010004;019024;006503;021894;007818;007339,010004 20% already submitted on 2026-07-14 if platform accepted; next-day incremental redemption 0% unless triggers fire,0.40,0.35,0.25,A-share close confirmed broad repair but semiconductor main-fund outflow and incomplete NAV disclosure keep tech holdings in review rather than add mode,SSE above 3900; advancers above 3500; electronic/communication main flow non-negative; total turnover above 2.6tn CNY; formal NAV and platform fee status confirmed,SSE loses 3900 with advancers below 1000 or semiconductor/electronic outflow expands above 30bn CNY; WAIC speech has no concrete policy and tech relative weakness resumes,2026-07-15T15:00:00+08:00,2026-07-15 for ordinary domestic OTC funds submitted before cutoff; QDII NAV lags by product calendar,2026-07-22,,,,,,,,,,,,,pending,,,,,reports/2026-07-14-基金晚报.docx;data/catalyst-ledger.csv;data/nav-history.csv;reports/2026-07-14-holding-technical-indicators.csv;https://qt.gtimg.cn/;https://push2.eastmoney.com/;https://www.pbc.gov.cn/;https://www.stats.gov.cn/sj/fbrc/bnxxfb/;https://www.fmprc.gov.cn/web/wjdt_674879/wsrc_674883/;https://www.shanghai.gov.cn/nw4411/20260708/ba4c8e75f2744b43a6080ebb82a3aab2.html
DEC-20260714-CXMT-GAME-001,native_realtime,DEC-20260714-EVENING-001,2026-07-14T22:40:54+08:00,2026-07-14T22:40:54+08:00,2026-07-15,6,semiconductor_and_tech_cluster,hold through opening noise; conditional redemption only at 14:30-14:45 after relative-strength breadth drawdown-from-high and money-flow confirmation,021894;010004;007818;019331,021894 redeem 33% about 549 shares on yellow confirmation; 50% about 831 shares on orange confirmation; 70%-100% about 1164-1662 shares only on cross-theme red confirmation; verify 010004 submitted 20% before any new request,0.40,0.30,0.30,The 8.66 yuan price was published after the A-share close and will first be traded on 2026-07-15; strategic-placement funding was already due on 2026-07-13 so institutional rotation may precede public T+2 payment; the highest-risk behavior is reacting to the opening move rather than the 14:30 structure,Yellow if equipment-materials underperform CSI300 by at least 1pp or retreat over 2pp from intraday high while large orders remain negative; orange if underperformance exceeds 2pp with distribution; red only if communication and cloud also underperform and market advancers fall below 1000,Cancel redemption if equipment-materials outperform CSI300 by at least 1pp at 14:30 stay within 0.8pp of intraday high breadth exceeds 60% and large-order outflow narrows or reverses; platform fee status or redeemable shares conflict,2026-07-15T15:00:00+08:00,2026-07-15 if an ordinary domestic OTC request is accepted before platform cutoff,2026-07-20,,,,,,,,,,,,,superseded_reviewed,,该预案在7月15日盘中被午报和终检连续修订;未形成独立执行结果;原始概率保留且不计入胜率样本,,2026-07-20T23:59:00+08:00,reports/2026-07-15-长鑫虹吸风险行动卡.md;https://www.yicai.com/brief/103274896.html;https://money.finance.sina.com.cn/corp/view/vCB_AllBulletinDetail.php?id=12437279&stockid=
DEC-20260715-NOON-001,native_realtime,,2026-07-15T12:05:00+08:00,2026-07-15T11:59:44+08:00,2026-07-15,3,portfolio,wait now; conditional semiconductor-overlap redemption before cutoff only if 14:45 weakness persists,021894;010004;006503;007818;019331;019024,0% now; 021894 33% on yellow/orange semiconductor confirmation; 021894 50% plus 007818 20% only if spread to communication; no subscription,0.25,0.45,0.30,"SSE stays above 3900 and Hong Kong is positive, but STAR50 and semiconductor fund estimates show CXMT-related tech rotation; treat as structural risk, not account-wide liquidation",14:45 semiconductor-equipment/materials weaker than CSI300 by >2pp and large-order flow remains negative; upgrade if communication weaker by >1.5pp or advancers<1000,SSE holds above 3900; semiconductor-equipment/materials recover to within 1pp of CSI300 or turn stronger; communication/cloud stabilize; platform fee/status conflicts,2026-07-15T15:00:00+08:00,2026-07-15 if ordinary domestic OTC redemption is accepted before actual platform cutoff; QDII follows product calendar,2026-07-18,,,,,,,,,,,,,superseded_reviewed,,午报等待方案被14时修正版和14时57分终检替代;不以最终结果倒推修改原始判断;不计入执行样本,,2026-07-20T23:59:00+08:00,reports/2026-07-15-基金午报.docx;reports/2026-07-15-长鑫虹吸风险行动卡.md;data/catalyst-ledger.csv;data/nav-history.csv;https://qt.gtimg.cn/;https://fundgz.1234567.com.cn/;https://www.pbc.gov.cn/;https://www.fmprc.gov.cn/;https://www.shanghai.gov.cn/
DEC-20260715-REVISED-1408-001,native_realtime,DEC-20260715-NOON-001,2026-07-15T14:12:00+08:00,2026-07-15T14:10:00+08:00,2026-07-15,3,portfolio,wait now; no subscription; redeem 20% of 021894 before cutoff only on joint technology-spread confirmation at 14:45,021894,"0% now; conditional redemption 20% available shares, modeled 332.45 shares; subscription 0 CNY",0.20,0.35,0.45,"Semiconductor equipment materially underperforms CSI300 and weakness has spread to communication and AI, but SSE remains above 3900, advancers exceed decliners, and semiconductor equipment has bounced from the intraday low; wait until joint breakdown confirmation rather than sell from loss aversion or panic.","At 14:45 semiconductor-equipment ETF <=-6.5% and underperforms CSI300 by >=6pp; communication ETF <=-2.5% or AI ETF <=-3%; and semiconductor-equipment ETF within 0.8% of intraday low with negative active-volume imbalance, or market advancers <1800.","At 14:45 semiconductor-equipment loss narrows inside -5%; communication or AI recovers near CSI300; advancers remain >2500; platform fee, available shares, redemption status, or cutoff conflicts.",2026-07-15T15:00:00+08:00; target completion before 14:50; actual platform cutoff prevails,2026-07-15 if accepted before actual platform cutoff; otherwise next open day,2026-07-20,,,,,,,,,,,,,superseded_reviewed,,14时修正版被14时45分和14时57分终检替代;原始阈值保留用于过程审计;不计入执行样本,,2026-07-20T23:59:00+08:00,reports/2026-07-15-基金午报-14时修正版.docx;https://qt.gtimg.cn/;https://vip.stock.finance.sina.com.cn/quotes_service/api/json_v2.php/Market_Center.getHQNodeData;https://fundgz.1234567.com.cn/;https://cdn.efunds.com.cn/owch/data/bulletin/20250919/;data/nav-history.csv;data/catalyst-ledger.csv
DEC-20260715-FINAL-1445-001,native_realtime,DEC-20260715-REVISED-1408-001,2026-07-15T14:47:00+08:00,2026-07-15T14:46:07+08:00,2026-07-15,1,portfolio,wait; cancel prepared redemption; no subscription,021894,0% redemption; 0 CNY subscription,0.25,0.45,0.30,"The 14:40 joint technology-spread trigger was invalidated by the predeclared 14:45 recovery: semiconductor equipment narrowed from -6.96% to about -6.38%, communication from -2.82% to -2.31%, AI to -2.35%, while advancers reached 3319 and SSE remained above 3900. This is a structural semiconductor drawdown, not a market-wide liquidity break.",Hold today because at 14:45 semiconductor-equipment was not <=-6.5%; communication was not <=-2.5%; AI was not <=-3%; advancers were >2500. Reassess next open day if semiconductor relative weakness and large-order outflow persist.,"Before actual platform cutoff, semiconductor-equipment returns to <=-6.5% and communication <=-2.5% or AI <=-3%, with semiconductor-equipment within 0.8% of the low and negative active-volume imbalance; or SSE<3900 and advancers<1000.",2026-07-15T15:00:00+08:00; actual platform cutoff prevails,No order; not applicable,2026-07-20,,,,,,,,,,,,,superseded_reviewed,,14时45分取消申请的结论在14时57分因预设条件重新触发而被替代;原记录保留且不计入执行样本,,2026-07-20T23:59:00+08:00,https://qt.gtimg.cn/;https://vip.stock.finance.sina.com.cn/quotes_service/api/json_v2.php/Market_Center.getHQNodeData;https://data.eastmoney.com/zjlx/;reports/2026-07-15-基金午报-14时修正版.docx
DEC-20260715-FINAL-1457-002,native_realtime,DEC-20260715-FINAL-1445-001,2026-07-15T15:02:00+08:00,2026-07-15T15:01:08+08:00,2026-07-15,1,semiconductor_overlap,At 14:57 submit redemption of 20% of 021894 only if platform still explicitly showed expected 2026-07-15 NAV date; otherwise wait next open day; no subscription,021894,"20% available shares, modeled 332.45 shares; all other funds 0%; subscription 0 CNY",0.20,0.35,0.45,"The predeclared joint technology-spread trigger reappeared at 14:57 and persisted to close: semiconductor-equipment ETF -6.84%, communication ETF -2.69%, AI ETF -2.69%, equipment within 0.8% of intraday low with negative active-volume imbalance. SSE -0.29% and 3350 advancers show structural technology deleveraging rather than market-wide failure.",At 14:57 semiconductor-equipment ETF <=-6.5%; communication ETF <=-2.5%; equipment within 0.8% of low and active-volume imbalance negative; platform still accepts request for expected 2026-07-15 NAV date.,Platform no longer explicitly shows expected 2026-07-15 NAV date; cutoff passed; available shares or fee preview conflicts; do not backdate or submit after cutoff assuming same-day NAV.,2026-07-15T15:00:00+08:00; actual platform cutoff prevails,2026-07-15 only if accepted before actual cutoff; otherwise no order and reassess next open day,2026-07-20,yes,2026-07-15T14:59:00+08:00,,,已确认赎回350份;实际确认净值和费用未补录;按预期7月15日净值至7月20日净值做模型比较,,-0.005000,-0.173195,-0.035573,0.168195,,yes_directionally,partially_resolved_pending_actual_nav_and_fee,data_quality,7月15日结构性减仓方向正确且相对不操作显著降低后续暴露;但实际确认净值和费用缺失所以只能报告模型增益且不得算作完整胜率样本,,2026-07-20T23:58:00+08:00,https://qt.gtimg.cn/;https://vip.stock.finance.sina.com.cn/quotes_service/api/json_v2.php/Market_Center.getHQNodeData;https://fundgz.1234567.com.cn/js/021894.js;data/catalyst-ledger.csv;data/transactions.csv;data/nav-history.csv;reports/2026-07-20-基金晚复盘.md
DEC-20260716-NOON-001,native_realtime,,2026-07-16T12:24:00+08:00,2026-07-16T12:05:00+08:00,2026-07-16,3,portfolio,wait now; no subscription; only conditional 15% redemption of 019024 on confirmed system-wide break before cutoff,019024,0% now; conditional 15% of 019024 = 89.60 shares; subscription 0 CNY,0.25,0.45,0.30,"Semiconductor hardware remains weak, but 3281 advancers, SSE recovery from 3902.70, and inflows to software/media/consumer/medical indicate sector rotation rather than system-wide withdrawal; yesterday's 350-share 021894 application already completed one risk-reduction tranche.",At 14:45 SSE<3900 and not recovered; advancers<1000; Eastmoney electronic main outflow>300bn CNY; platform confirms fee/status and same-day NAV application,Any system-wide trigger fails; electronic outflow narrows from noon; breadth stays above 1800; semiconductor/communication relative weakness improves; platform fee/status/cutoff conflicts,2026-07-16T15:00:00+08:00; target submit by 14:50; actual platform cutoff prevails,2026-07-16 only if accepted before actual cutoff; otherwise wait next open day,2026-07-21,,,,,,,,,,,,,pending,,,,,reports/2026-07-16-基金午报.docx;data/nav-history.csv;data/transactions.csv;data/catalyst-ledger.csv;https://qt.gtimg.cn/;https://data.eastmoney.com/bkzj/;https://www.stats.gov.cn/;https://investor.tsmc.com/english/quarterly-results/2026/q2
DEC-20260716-REVISED-1430-001,native_realtime,DEC-20260716-NOON-001,2026-07-16T14:20:00+08:00,2026-07-16T14:12:00+08:00,2026-07-16,3,portfolio,wait now; move final decision check from 14:45 to 14:30; no subscription; conditional 15% redemption of 019024 only if all three system-break conditions hold at 14:30,019024,0% now; conditional 15% of 019024 = 89.60 shares; subscription 0 CNY,0.15,0.40,0.45,"SSE has fallen below 3900 and semiconductor and communication remain materially weak despite TSMC results above guidance; however 2658 stocks still advance and electronic main outflow is about 224bn CNY, so the market has not met the predefined system-wide break test. Advancing the final check reduces last-minute OTC execution risk without loosening evidence thresholds.",At 14:30 SSE<3900 and not recovered; advancers<1000; Eastmoney electronic main outflow>300bn CNY; all three must hold; platform confirms fee/status and same-day NAV application,Any one of the three system-break conditions fails; platform fee/status/cutoff conflicts; 021894 prior redemption remains unconfirmed,2026-07-16T15:00:00+08:00; final decision at 14:30; target submit by 14:35; actual platform cutoff prevails,2026-07-16 only if accepted before actual cutoff; otherwise wait next open day,2026-07-21,,,,,,,,,,,,,pending,,User requested earlier final check after prior-day 14:57 execution left insufficient margin.,No permanent threshold change; 2026-07-16 execution-time override only.,,reports/2026-07-16-基金午报.docx;data/decision-journal.csv;https://qt.gtimg.cn/;https://vip.stock.finance.sina.com.cn/mkt/;https://quote.eastmoney.com/bk/90.BK1201.html;https://investor.tsmc.com/english/quarterly-results/2026/q2
DEC-20260716-SECTOR-REDUCE-1430-002,native_realtime,DEC-20260716-REVISED-1430-001,2026-07-16T14:28:00+08:00,2026-07-16T14:27:00+08:00,2026-07-16,3,semiconductor_overlap,At 14:30 redeem 15% of remaining available shares of 021894 if the sector-break conditions still hold; no subscription and no other redemption,021894,15% of remaining available shares; modeled 196.84 shares if prior 350-share order has reduced available shares to 1312.26; subscription 0 CNY,0.15,0.35,0.50,"The market-wide break test is not met because breadth remains above 2500 advancers, but the semiconductor-specific break is confirmed: the semiconductor ETF is down 5.44% and only about 0.17% above its intraday low, communication is down 3.69%, electronic main outflow is about 267bn CNY and worsening, and the held semiconductor fund lost about 6.12% on the prior official NAV day. Strong TSMC results did not reverse local hardware selling, indicating domestic risk-budget withdrawal rather than a sudden collapse in global semiconductor demand.",At 14:30 semiconductor ETF<=-5.0% and within 0.8% of intraday low; communication ETF<=-3.0% or Eastmoney electronic main outflow>250bn CNY; platform confirms redeemable shares fee and expected 2026-07-16 NAV date,"At 14:30 semiconductor ETF narrows above -5.0% or rebounds more than 0.8% from the intraday low; communication recovers above -3.0% and electronic main outflow narrows below 250bn CNY; platform fee exceeds expected 0.5% model or NAV date/status conflicts",2026-07-16T15:00:00+08:00; final decision at 14:30; target submit by 14:35; actual platform cutoff prevails,2026-07-16 only if accepted before actual cutoff; otherwise wait next open day,2026-07-21,,,,,,,,,,,,,pending,,System-wide breadth does not invalidate a sector-specific breakdown; separate portfolio liquidation thresholds from theme-risk reduction thresholds.,2026-07-16 one-day sector-specific execution override pending review; no permanent parameter change.,,data/decision-journal.csv;data/transactions.csv;reports/2026-07-16-基金午报.docx;https://qt.gtimg.cn/;https://vip.stock.finance.sina.com.cn/mkt/;https://quote.eastmoney.com/bk/90.BK1201.html;https://investor.tsmc.com/english/quarterly-results/2026/q2
DEC-20260717-NOON-001,native_realtime,,2026-07-17T12:03:00+08:00,2026-07-17T11:30:00+08:00,2026-07-17,3,portfolio,"Wait until 14:30; no subscription; conditionally redeem 15% of 007818 if lunch-like weakness persists; redeem 20% on confirmed break; do not redeem more 021894 or 010004",007818,"0% now; baseline conditional 15%=72.04 shares; confirmed break or strong repair without funds 20%=96.05 shares; strong repair with funds 10%=48.02 shares; subscription 0 CNY",0.20,0.45,0.35,"Market breadth is near systemic failure with 1064 advancers and 4368 decliners; electronic main outflow is about 303.77bn CNY and communication ETF is down about 7.86% near its low. Prior confirmed reductions already cut 021894 by 32.91% and 010004 by 20%, so the next risk tranche should target previously uncut and weaker communication overlap rather than repeatedly sell semiconductor.","At 14:30 lunch-like weakness persists with communication<=-7% and within 1.5% of low for 15%; upgrade to 20% if SSE<3806 and not recovered plus advancers<1000 plus electronic main outflow>300bn CNY; platform confirms redeemable shares fee and expected 2026-07-17 NAV date","Cancel baseline reduction if SSE recovers 3835 plus advancers>2200 plus electronic outflow narrows within 220bn CNY plus communication rebounds more than 2.5% from low; always cancel if platform status fee cutoff NAV date or shares conflict",2026-07-17T15:00:00+08:00; primary decision at 14:30; target submit by 14:35; actual platform cutoff prevails,2026-07-17 only if accepted before actual cutoff; otherwise wait next open day,2026-07-21,,,,,,,,,,,,,pending,,,,,reports/2026-07-17-基金午报.md;data/nav-history.csv;data/transactions.csv;data/catalyst-ledger.csv;https://qt.gtimg.cn/;https://vip.stock.finance.sina.com.cn/mkt/;https://push2.eastmoney.com/;https://paper.cnstock.com/html/2026-07/17/content_2245542.htm;https://investor.tsmc.com/english/quarterly-results/2026/q2
DEC-20260717-FINAL-1439-001,native_realtime,DEC-20260717-NOON-001,2026-07-17T14:39:00+08:00,2026-07-17T14:39:15+08:00,2026-07-17,1,portfolio,submit structural redemption before cutoff; no subscription and no other redemption,007818,redeem 20% available shares; modeled 96.05 shares; subscription 0 CNY,0.10,0.25,0.65,"14:37-14:39 checks confirmed broad risk-off: SSE below 3806, advancers below 1000, Eastmoney electronic main outflow above 300bn CNY, communication equipment main outflow deeply negative; keep action to the one noon-selected uncut communication overlap fund because product status and account history warnings remain unresolved",SSE<3806; A-share advancers<1000; electronic main outflow>300bn CNY; communication ETF<=-7%; platform confirms redeemable shares fee and expected 2026-07-17 NAV date before actual cutoff,"Cancel if platform cutoff passed, expected NAV date is not 2026-07-17, redemption unavailable, available shares materially differ, preview fee exceeds expected model, or before submission SSE recovers 3835 with advancers>2200 and electronic outflow narrows within 220bn CNY",2026-07-17T15:00:00+08:00; target submit by 14:45; actual platform cutoff prevails,2026-07-17 only if accepted before actual platform cutoff; otherwise next open day,2026-07-21,,,,,,,,,,,,,pending,,"Separate main-fund flow from price proxies; today price breadth and verified Eastmoney industry flow jointly confirmed a risk-off break, but ETF price distance from low prevented expanding beyond the noon single-fund cap.",No permanent rule change; 2026-07-17 final check applies existing noon thresholds.,,reports/2026-07-17-基金午报.md;data/decision-journal.csv;https://qt.gtimg.cn/;https://vip.stock.finance.sina.com.cn/quotes_service/api/json_v2.php/Market_Center.getHQNodeData;https://emdatah5.eastmoney.com/dc/ZJLX/getZJLXData;https://emdatah5.eastmoney.com/dc/ZJLX/getZDYLBData;https://push2.eastmoney.com/api/qt/clist/get
DEC-20260720-NOON-001,native_realtime,,2026-07-20T12:08:00+08:00,2026-07-20T11:53:00+08:00,2026-07-20,3,portfolio,午间等待且不申购;14:45仅在半导体行业破位三项同时成立时赎回易方达半导体材料设备ETF联接C剩余份额10%;系统性扩散时15%;其他基金等待,021894,午间0%;条件赎回10%=111.53份;系统性条件15%=167.29份;申购0元,0.30,0.45,0.25,沪深300和港股修复但半导体逆势下跌且电子资金仍流出;资金从电子硬件向权重计算机云医药轮动;电子流出116.40亿元和2817家上涨不支持全市场清仓;目标基金此前已累计降低32.91%,14:45电子主力净流出>150亿元且半导体相对沪深300落后>3个百分点且目标基金盘中估算<=-3.0%并接近日低时赎回10%;上证<3780且不能收复上涨<1500电子流出>200亿元通信和计算机均转负时赎回15%;平台确认状态费率份额净值日,电子转净流入且半导体相对落后收窄到1个百分点内上涨>3500;或任一平台状态费率截止时间净值日份额冲突,2026-07-20T15:00:00+08:00;14:30初检;14:45终检;目标14:50前提交;平台实际截止时间优先,2026-07-20仅限平台实际截止前受理;否则下一开放日,2026-07-23,,,,,,,,,,,,,pending,,指数修复必须与行业相对强弱和资金确认分开;已大幅减过的主题基金后续只做小档条件风控,No permanent parameter change; same-day sector-specific overlay; sample below review gate.,,reports/2026-07-20-基金午报.md;data/nav-history.csv;data/holdings.csv;data/transactions.csv;data/catalyst-ledger.csv;https://qt.gtimg.cn/;https://push2.eastmoney.com/api/qt/clist/get;https://fundgz.1234567.com.cn/;https://www.chinamoney.com.cn/r/cms/www/chinamoney/data/currency/bk-lpr.json;https://www.nhsa.gov.cn/art/2026/7/14/art_14_21423.html;https://www.cac.gov.cn/2026-07/11/c_1785427830619328.htm;https://www.nda.gov.cn/sjj/swdt/xwfb/0717/20260717115449476539496_pc.html
DEC-20260720-USER-PLAN-001,user_declared_plan,,2026-07-20T12:21:00+08:00,2026-07-20T12:21:00+08:00,2026-07-21,30,portfolio_scope_not_yet_disambiguated,今天可以不卖;2026-07-21计划至少清80%的仓;约一个月后再考虑接回,scope_unspecified_by_user,planned redemption at least 80%; not executed,,,,用户判断当前风险值得用一个月空仓期规避;该判断尚未由代理认可为全账户最优方案,用户表述为明日一定执行;未提供市场触发条件,未提供;代理建议至少保留平台状态费率净值日和市场范围复核,2026-07-21T15:00:00+08:00; platform actual cutoff prevails,2026-07-21 only if accepted before actual platform cutoff; otherwise next open day,2026-08-21,no,,,,,,,,,,,,planned_not_executed,,必须区分全账户80%与高重叠科技仓80%;一个月是时间计划而非再入场证据,No permanent parameter change; user plan recorded without treating it as execution.,,user_message_in_current_thread
DEC-20260720-USER-PLAN-REV1-002,user_declared_plan,DEC-20260720-USER-PLAN-001,2026-07-20T12:25:00+08:00,2026-07-20T12:25:00+08:00,2026-07-21,30,domestic_high_overlap_technology,保留易方达沪深300ETF联接C和华泰柏瑞中证沪港深云计算产业ETF联接C;2026-07-21计划清理境内高重叠科技仓至少80%;云计算考虑条件加仓;约一个月后再评估其他科技接回,021894;010004;007818;019024;006503;021528;024481;016371;preserve:007339;019331,technology-bucket planned redemption at least 80%; cloud subscription amount pending confirmation; not executed,,,,用户接受宽基与科技分开管理;认为境内半导体电子重叠趋势风险高;云计算相对强势可保留,明日平台截止前复核;云计算加仓需价格资金与平台状态确认,境内科技出现资金广度相对强弱共同修复;平台费率状态份额净值日冲突;云计算高开追涨或资金转负,2026-07-21T15:00:00+08:00; platform actual cutoff prevails,2026-07-21 only if accepted before actual platform cutoff; otherwise next open day,2026-08-21,no,,,,,,,,,,,,planned_not_executed,,将长鑫相关境内硬件风险与沪深300海外科技云应用分开;云计算强势不等于可无条件追涨,No permanent parameter change; revised user plan recorded without execution.,,user_message_in_current_thread;reports/2026-07-20-基金午报.md;reports/2026-07-12-holding-intake.md
DEC-20260720-RECHECK-1418-001,native_realtime,DEC-20260720-NOON-001,2026-07-20T14:20:00+08:00,2026-07-20T14:18:00+08:00,2026-07-20,1,semiconductor_overlap,现在准备赎回;14:30若当前半导体破位条件持续则截止前赎回易方达半导体材料设备ETF联接C剩余份额10%;若系统性扩散四项全满足升级15%;其他基金不卖;不申购云计算,021894,conditional 10%=111.53 shares; systemic 15%=167.29 shares; all other redemption 0%; subscription 0 CNY,0.05,0.20,0.75,上证约3756跌破午间3780红线;上涨1377家;电子净流出233.35亿元;半导体跌7.24%且目标基金估算-5.16%;但计算机仍净流入18.32亿元且沪深300仍微涨所以执行小档行业风控而非全账户清仓,14:30电子主力净流出>200亿元;半导体相对沪深300落后>5个百分点;目标基金估算<=-4.5%并接近日低;10%档要求上述持续;15%档另要求上证<3780上涨<1500通信和计算机均转净流出,14:30上证收复3800或上涨>2200或电子流出收窄到150亿元以内或目标基金估算收窄到-3%以内;平台状态费率份额净值日冲突,2026-07-20T15:00:00+08:00; target submit by 14:35 after 14:30 check; platform actual cutoff prevails,2026-07-20 only if accepted before actual platform cutoff; otherwise next open day,2026-07-23,,,,,,,,,,,,,pending,,午间板块轮动可在午后转为广度恶化;预设14:30复核必须允许修正等待结论但只按已声明档位执行,No permanent parameter change; same-day recheck supersedes noon wait state.,,reports/2026-07-20-基金午报.md;data/catalyst-ledger.csv;https://qt.gtimg.cn/;https://push2.eastmoney.com/api/qt/clist/get;https://fundgz.1234567.com.cn/
DEC-20260720-RECHECK-1437-002,native_realtime,DEC-20260720-RECHECK-1418-001,2026-07-20T14:38:00+08:00,2026-07-20T14:37:43+08:00,2026-07-20,1,semiconductor_overlap,半导体14:30条件已触发;平台实际截止前提交赎回易方达半导体材料设备ETF联接C剩余份额10%;不扩大到15%;其他不卖不买,021894,redeem 10%=111.53 shares; all other redemption 0%; subscription 0 CNY,0.03,0.12,0.85,上证3752.58且反抽回落;可比样本上涨1478家;电子净流出267.19亿元;半导体跌8.75%相对沪深300落后8.88个百分点;目标基金估算-7.63%;但计算机仍净流入9.91亿元所以系统扩散仅3/4不升级15%,电子主力净流出>200亿元;半导体相对沪深300落后>5个百分点;目标基金估算<=-4.5%并接近日低;条件全部持续,提交前电子流出收窄到150亿元以内或目标基金估算收窄到-3%以内或平台状态费率份额净值日冲突,2026-07-20T15:00:00+08:00; submit immediately after platform preview; platform actual cutoff prevails,2026-07-20 only if accepted before actual platform cutoff; otherwise next open day,2026-07-23,,,,,,,,,,,,,pending,,行业专项红线可触发小档降仓;系统红线未全满足时不追跌放大,No permanent parameter change; same-day trigger execution record.,,reports/2026-07-20-基金午报.md;https://qt.gtimg.cn/;https://push2.eastmoney.com/api/qt/clist/get;https://fundgz.1234567.com.cn/
DEC-20260720-EVENING-001,native_realtime,DEC-20260720-RECHECK-1437-002,2026-07-20T23:55:00+08:00,2026-07-20T23:55:00+08:00,2026-07-21,4,domestic_technology_overlap,下一开放日不申购并按14:30修复强度结构性降低境内重叠科技仓;强修复只减最弱主动基金20%;部分修复减八只重叠基金50%;弱势延续减八只80%;不卖沪深300和沪港深云计算及QDII,021894;010004;021528;007818;019024;024481;016371;006503,强修复档约赎回财通成长优选混合C等四只最弱主动基金20%合计估值944元;部分修复档八只各50%合计估值6848元;弱势延续档八只各80%合计估值10957元;逐只仅在平台费率不高于0.5%且可赎回时提交,0.35,0.25,0.40,长鑫缴款日没有带来半导体修复;电子大额流出与价格下跌及市场广度共同验证;18只实际持仓全部低于MA20;但计算机和沪港深云计算相对强且美股存储人工智能硬件晚间上涨所以判断为结构性降仓而非账户级清仓,强修复要求7月21日14:30半导体材料设备相对沪深300强至少1.5个百分点且电子资金转正且上涨超过3500家且上证高于3800并距日高不超过0.8%;部分修复为满足2至3项;弱势延续为只满足0至1项或半导体落后超过2个百分点且电子净流出超过1000亿元且上涨少于1800家,平台费率超过0.5%或赎回状态及份额冲突则该基金不提交;若四项强修复全部成立则取消50%至80%档;若长鑫正式上市日期或规则新公告改变事件窗口则重算,2026-07-21T14:50:00+08:00;平台实际截止时间优先,2026-07-21仅限平台在实际截止前受理;否则顺延下一开放日,2026-07-24,,,,,,,,,,,,,,,,,,reports/2026-07-20-基金晚复盘.md;reports/2026-07-20-holding-technical-indicators.csv;data/nav-history.csv;data/catalyst-ledger.csv;data/transactions.csv;https://qt.gtimg.cn/;https://push2.eastmoney.com/api/qt/clist/get;https://finance.ifeng.com/c/8uurNBeIdEW;https://www.cac.gov.cn/2026-07/11/c_1785427830619328.htm;https://paper.cnstock.com/html/2026-07/20/content_2246330.htm
REV-20260721-DEC-20260716-SECTOR-001,review_followup,DEC-20260716-SECTOR-REDUCE-1430-002,2026-07-22T03:25:00+08:00,2026-07-21T15:00:00+08:00,2026-07-16,3,semiconductor_overlap,复核7月16日半导体行业专项减仓,021894,已确认实际赎回197份但成交净值与费用仍缺失,,,,7月16日至20日基金正式净值先下跌约11.15%后于7月21日强反弹;减仓降低了中途不利波动但期末收益落后不操作,,,,,2026-07-21,yes,,,,账本确认赎回197份;实际确认净值和费用未知;按7月16日至21日正式净值做模型比较,,-0.005000,0.018291,0.009018,-0.023291,-0.111451,no_at_final_horizon_but_reduced_interim_mae,partially_resolved_pending_actual_nav_and_fee,technical_signal_failure,破位风控可降低路径回撤但不保证评估日收益;以后同时报告期末收益和最大不利波动,No permanent rule change; sample incomplete and below gate.,2026-07-22T03:25:00+08:00,data/transactions.csv;data/nav-history.csv;reports/2026-07-16-基金午报.md;reports/2026-07-21-holding-technical-indicators.csv
REV-20260721-DEC-20260717-FINAL-001,review_followup,DEC-20260717-FINAL-1439-001,2026-07-22T03:25:00+08:00,2026-07-21T15:00:00+08:00,2026-07-17,1,communication_overlap,复核7月17日通信基金20%结构性减仓建议,007818,用户是否执行未知;按建议模型赎回20%,,,,7月17日至20日仅小幅继续下跌约1.32%后7月21日反弹;截至评估日卖出模型落后不操作,,,,,2026-07-21,unknown,,,,未在交易账本发现该笔确认记录;不假定执行;按正式净值仅做建议模型比较,,-0.005000,0.062827,0.043040,-0.067827,-0.013211,no_directionally,partially_resolved_model_only_execution_unknown,technical_signal_failure,单日系统性破位后的追加减仓若主题已连续超跌可能面临反弹成本;执行未知时不得计入实际收益,No permanent rule change; wait for execution evidence and more samples.,2026-07-22T03:25:00+08:00,data/transactions.csv;data/nav-history.csv;reports/2026-07-17-基金午报.md
REV-20260721-DEC-20260720-EVENING-001,review_followup,DEC-20260720-EVENING-001,2026-07-22T03:25:00+08:00,2026-07-21T12:40:00+08:00,2026-07-21,4,domestic_technology_overlap,复核7月20日晚报50%至80%分档,021894;010004;021528;007818;019024;024481;016371;006503,旧方案在7月21日午间获知用户前日已自行减仓40%后被覆盖,,,,7月21日收盘满足旧方案四项修复中的三项;但午报已用已报告的40%减仓重定义剩余仓位并明确不重复应用旧50%至80%档,,,,,2026-07-24,unknown,,,,不评分旧档执行结果;旧方案在截止前被午报正式覆盖,,,,,,,not_scored_superseded,superseded_by_20260721_midday_after_user_execution_update,,获知已发生的减仓后必须先重建仓位基数;旧比例不能机械套用到剩余仓位,No permanent rule change; supersession was information-driven.,2026-07-22T03:25:00+08:00,data/decision-journal.csv;data/transactions.csv;reports/2026-07-20-基金晚复盘.md
REV-20260721-DEC-20260721-MIDDAY-001,review_followup,DEC-20260721-MIDDAY-1235-001,2026-07-22T03:25:00+08:00,2026-07-21T15:00:00+08:00,2026-07-21,3,domestic_technology_overlap_after_user_reduction,复核7月21日午报等待与严重回落才减20%方案,021894,当日模型为0%赎回和0元申购;用户额外20%计划明确未执行,,,,收盘半导体显著强于沪深300;电子资金为正;上证高于3800并接近高点;上涨2871家;修复四项满足三项且严重回落四项零项,,,,,2026-07-24,no,,,,午报的附加赎回触发未成立;等待符合预设规则;最终收益仍待7月24日,,,,,,,process_correct_trigger_not_met,same_day_process_review_horizon_pending,,阈值化等待避免在暴力修复日重复减仓;但仍需第二日和第三日持续性验证,No permanent rule change; final outcome pending.,2026-07-22T03:25:00+08:00,data/decision-journal.csv;data/nav-history.csv;https://qt.gtimg.cn/;https://m.21jingji.com/article/20260721/herald/a7352bdd45690b7f5ef0696bf8919e8f.html
DEC-20260721-EVENING-001,native_realtime,DEC-20260721-MIDDAY-1235-001,2026-07-22T03:25:00+08:00,2026-07-22T02:51:00+08:00,2026-07-22,3,portfolio,下一开放日不做无条件申购或赎回;继续持有;只在14:30四项严重反转全部成立时赎回易方达半导体材料设备ETF联接C平台剩余份额20%;其他基金不动,021894,无条件赎回0%;条件赎回平台显示剩余份额20%;申购0元,0.42,0.28,0.30,A股收盘形成价格资金成交额强修复且美股盘中存储代工光通信继续上涨;但上涨广度未达3500家且16只在持产品低于MA20;前一日用户报告已对五只高重叠科技基金各减40%但未入账;因此不追涨也不重复卖出,7月22日14:30上证<3820且不能收复;上涨家数<1800;电子行业算法主力净流出>100亿元;半导体材料设备相对沪深300落后>2个百分点;四项必须同时成立;平台确认费率不高于0.5%且预计净值日为7月22日,任一严重反转条件不成立;电子资金非负;半导体相对沪深300强至少1.5个百分点;上涨超过3500家;平台份额费率状态截止时间或预计净值日冲突,2026-07-22T15:00:00+08:00;14:30检查并目标14:40前提交;平台实际截止时间优先,2026-07-22仅限平台实际截止前受理;否则等待下一开放日,2026-07-24,,,,,,,,,,,,,pending,,单日暴力反弹只够取消追杀式减仓;第二日资金与相对强弱确认才决定是否进入趋势修复,No permanent rule change; one-day post-shock continuation rule and unresolved transaction base.,,reports/2026-07-21-基金晚复盘.md;reports/2026-07-21-holding-technical-indicators.csv;data/nav-history.csv;data/transactions.csv;data/catalyst-ledger.csv;https://qt.gtimg.cn/;https://m.21jingji.com/article/20260721/herald/a7352bdd45690b7f5ef0696bf8919e8f.html;https://www.sse.com.cn/disclosure/announcement/listing/;https://www.cac.gov.cn/2026-07/11/c_1785427830619328.htm
DEC-20260722-NOON-001,native_realtime,DEC-20260721-EVENING-001,2026-07-22T11:52:00+08:00,2026-07-22T11:38:00+08:00,2026-07-22,3,portfolio,现在等待;不申购不追加赎回;仅三项严重破位同时成立时赎回010004平台剩余份额10%,010004,0% now; conditional 10% of platform remaining shares; subscription 0 CNY,0.45,0.30,0.25,半导体连续第二日上午相对沪深300强2.74个百分点且电子净流入85.52亿元;但上涨1733家低于下跌3332家且通信净流出13.39亿元;属于结构修复而非全面趋势反转;用户前一日已报告相关仓位减40%所以不重复套用20%-30%规则,At 14:45 SSE<3820 and cannot recover; A-share advancers<1000; electronic algorithm main outflow>30bn CNY; all three together; platform confirms redeemable balance fee<=0.5% and expected NAV date 2026-07-22,Any severe condition absent; SSE>=3860; electronic flow nonnegative; semiconductor outperforms CSI300 by>=1.5pp; platform cutoff status fee or balance conflicts,2026-07-22T15:00:00+08:00; target final decision by 14:45 and submit by 14:50; actual platform cutoff prevails,2026-07-22 only if accepted before actual cutoff; otherwise next open day,2026-07-27,,,,,,,,,,,,,pending,,Do not stack a new risk reduction rule on top of a user-reported 40% reduction until actual remaining shares are reconciled,No permanent parameter change; replace intraday SSE 3900 with 3820 only for 2026-07-22 because 3900 would classify a rising near-high market as broken,,reports/2026-07-22-基金午报.md;data/nav-history.csv;data/transactions.csv;data/catalyst-ledger.csv;https://qt.gtimg.cn/;https://push2delay.eastmoney.com/api/qt/clist/get;https://stcn.com/article/detail/4033545.html;https://www.cac.gov.cn/2026-07/11/c_1785427830619328.htm
REV-20260722-DEC-20260716-SECTOR-001,review_followup,DEC-20260716-SECTOR-REDUCE-1430-002,2026-07-22T11:52:00+08:00,2026-07-21T23:59:00+08:00,2026-07-16,3,semiconductor_equipment,复核7月16日半导体材料设备减仓15%;不构成新交易建议,021894,confirmed user-reported 197 shares; actual NAV and fee unknown,,,,按7月16日与7月21日正式净值比较模型卖出与持有;同时记录期间最大不利波动,,,,,2026-07-21,yes,,,,用户确认197份赎回;实际成交净值和费用未补录,,-0.005000,0.018291,0.009018,-0.023291,-0.111452,no_end_horizon,partially_resolved_pending_actual_nav_and_fee,position_sizing_or_fee,减仓降低期间不利波动但评估日期末落后不操作2.33个百分点;不能用风险降低冒充收益创造,No permanent parameter change; sample remains incomplete,2026-07-22T11:52:00+08:00,data/transactions.csv;data/nav-history.csv;reports/2026-07-22-基金午报.md
REV-20260722-DEC-20260717-FINAL-001,review_followup,DEC-20260717-FINAL-1439-001,2026-07-22T11:52:00+08:00,2026-07-21T23:59:00+08:00,2026-07-17,3,communication_overlap,复核7月17日通信基金减仓20%;不构成新交易建议,007818,model 20% available shares; user execution unknown,,,,按7月17日与7月21日正式净值比较,,,,,2026-07-21,unknown,,,,用户执行未知;按模型卖出切片评估,,-0.005000,0.062824,0.043039,-0.067824,-0.013210,no,resolved_model_actual_unknown,technical_signal_failure,去杠杆信号后出现急反弹;评估日模型落后不操作6.78个百分点,No permanent parameter change; wait for 10 resolved samples,2026-07-22T11:52:00+08:00,data/nav-history.csv;data/transactions.csv;reports/2026-07-22-基金午报.md
REV-20260722-DEC-20260719-PREVIEW-001,review_followup,DEC-20260719-MONDAY-PREVIEW-001,2026-07-22T11:52:00+08:00,2026-07-21T23:59:00+08:00,2026-07-20,2,technology_overlap,复核7月20日条件减仓;不构成新交易建议,019024;007818,model chooses only one: 019024 15% or 007818 20%; user reported broader 40% reductions but exact mapping unknown,,,,7月20日弱势触发后下一正式净值日发生急反弹,,,,,2026-07-22,unknown,,,,用户报告广泛减仓40%但具体基金份额净值费率未知;实际费用后结果不可算,,-0.005000,,0.028881,,,no,resolved_model_range_actual_unknown,technical_signal_failure,若选择019024则卖出切片相对不操作约少10.40个百分点;若选择007818则约少8.21个百分点;模型低估超跌反弹先验,No permanent parameter change; separate first-day break from second-day rebound after sample gate,2026-07-22T11:52:00+08:00,data/nav-history.csv;data/transactions.csv;reports/2026-07-22-基金午报.md
REV-20260722-DEC-20260717-REVISED-001,review_followup,DEC-20260717-REVISED-1440-002,2026-07-22T11:52:00+08:00,2026-07-21T23:59:00+08:00,2026-07-17,3,communication_overlap,复核7月17日把通信减仓上限提高到30%的临时建议;被终检替代,007818,superseded; not independently scored,,,,后续终检覆盖该临时记录,,,,,2026-07-22,unknown,,,,不独立评分,,,,,,,not_scored,superseded_reviewed,,同一时点被终检替代的临时建议不重复计入胜率,No permanent parameter change,2026-07-22T11:52:00+08:00,data/decision-journal.csv;reports/2026-07-22-基金午报.md
REV-20260722-DEC-20260716-NOON-001,review_followup,DEC-20260716-NOON-001,2026-07-22T11:52:00+08:00,2026-07-21T23:59:00+08:00,2026-07-16,3,technology_overlap,复核7月16日午间条件建议;被14:30修正版替代,019024,superseded; not independently scored,,,,后续14:30记录覆盖午间条件,,,,,2026-07-21,unknown,,,,不独立评分,,,,,,,not_scored,superseded_reviewed,,被同日更晚决策替代的条件建议只做过程审计,No permanent parameter change,2026-07-22T11:52:00+08:00,data/decision-journal.csv;reports/2026-07-22-基金午报.md
REV-20260722-DEC-20260716-RECHECK-001,review_followup,DEC-20260716-REVISED-1430-001,2026-07-22T11:52:00+08:00,2026-07-21T23:59:00+08:00,2026-07-16,3,technology_overlap,复核7月16日14:30条件建议;被半导体专项决策替代,019024,superseded; not independently scored,,,,同日实际执行对象改为半导体材料设备,,,,,2026-07-21,unknown,,,,不独立评分,,,,,,,not_scored,superseded_reviewed,,同日多个条件方案必须只保留最终实际对象作为样本,No permanent parameter change,2026-07-22T11:52:00+08:00,data/decision-journal.csv;reports/2026-07-22-基金午报.md
REV-20260722-DEC-20260717-NOON-001,review_followup,DEC-20260717-NOON-001,2026-07-22T11:52:00+08:00,2026-07-21T23:59:00+08:00,2026-07-17,3,communication_overlap,复核7月17日午间条件建议;被终检替代,007818,superseded; not independently scored,,,,后续终检覆盖午间方案,,,,,2026-07-21,unknown,,,,不独立评分,,,,,,,not_scored,superseded_reviewed,,只用终检方案评价方向和费用后价值,No permanent parameter change,2026-07-22T11:52:00+08:00,data/decision-journal.csv;reports/2026-07-22-基金午报.md
REV-20260722-DEC-20260714-EVENING-001,review_followup,DEC-20260714-EVENING-001,2026-07-22T11:52:00+08:00,2026-07-21T23:59:00+08:00,2026-07-15,5,portfolio,复核7月14日晚间等待方案;被7月15日实时决策替代,010004;019024;006503;021894;007818;007339,no incremental order under this record,,,,后续7月15日实时判断和实际交易覆盖该记录,,,,,2026-07-22,unknown,,,,不独立评分;模型与完全不操作相同,,,,,,,not_scored,superseded_reviewed,,被后续实时决策替代的晚间预案不重复计入胜率,No permanent parameter change,2026-07-22T11:52:00+08:00,data/decision-journal.csv;reports/2026-07-22-基金午报.md
